"Title","Description","ID","Owner","Created Date","Updated Date","Date","Year","Category","Image"
"WHPC Panelist@SC'24","<p class=""font_8"">Gave an invited talk about my career path in the SDSC booth #3107 (exhibition floor) on Wednesday at 2pm. Thank you WHPC!</p>","0776ed08-106b-4563-8f4b-d27af9ffa262","38ce7cb3-ec75-4934-9382-ef1f1a7d28fb",2024-11-19T17:51:40Z,2025-08-21T05:39:48Z,"Nov 2024",2024-11-20T19:00:00Z,,
"LEARN@LLNL","<p class=""font_8"">Started my own project as the PI&nbsp;on applying machine-learning to analyze application performance. The coolest parts of my project are&nbsp;(a) managing&nbsp;an awesome team; (b) working directly with the applications&nbsp;that are important for LLNL. Excited!</p>","07bc6e67-d679-45e9-bc18-996d8b4e7d0a","38ce7cb3-ec75-4934-9382-ef1f1a7d28fb",2021-01-05T21:38:56Z,2024-10-17T17:16:55Z,"May 2016",2016-05-26T05:00:00Z,"Award",
"🔬ICMLA'23","<p class=""font_8"">Our paper on using graph-based representation learning for performance analytics has been accepted at International Conference on Machine Learning and Applications (ICMLA)! (Acceptance rate ~25%)</p>","0a20767a-1fd0-4634-90e0-2eda767ed5b6","38ce7cb3-ec75-4934-9382-ef1f1a7d28fb",2023-09-08T03:56:58Z,2025-08-21T05:40:28Z,"Sept 2023",2023-09-01T17:00:00Z,"Paper",
"Research Millionaire","<p class=""font_8"">I am grateful to have received the College of Science and Engineering (CoSE)’s “Research Millionaire” award. This award honors CoSE faculty that have been awarded $1M or more in research grant funding over the past three fiscal years (FY2022-2024).&nbsp;</p>","105764a2-4809-4850-93e9-8a45cba344a9","38ce7cb3-ec75-4934-9382-ef1f1a7d28fb",2024-10-09T20:36:03Z,2024-10-17T17:02:55Z,"Oct 2024",2024-10-14T17:00:00Z,"Award","wix:image://v1/38ce7c_d7f37d9a9595485ca0c36bf13ea4a123~mv2.png/IMG_1268.png#originWidth=2003&originHeight=2849"
"IPDPS 2018","<p class=""font_8"">Our paper titled ""PADDLE: Performance Analysis using a Data-driven Learning Environment"" has been accepted at IPDPS 2018!</p>","122dbdf6-31e2-4c74-ad2b-180c2fd4f57c","38ce7cb3-ec75-4934-9382-ef1f1a7d28fb",2021-01-05T21:38:56Z,2024-10-17T17:16:32Z,"Dec 2017",2017-12-11T06:00:00Z,"Paper",
"IPDPS","<p class=""font_8"">Attending IPDPS 2016 in Chicago. Our paper on ""I/O aware power shifting"" will be&nbsp;presented in the ""I/O and Storage Track"".</p>","13f922f3-5bee-465d-87b5-3286e5603f11","38ce7cb3-ec75-4934-9382-ef1f1a7d28fb",2021-01-05T21:38:56Z,2024-10-17T17:16:52Z,"May 2016",2016-05-26T05:00:00Z,"Paper",
"ICDCS17","<p class=""font_8"">I am a TPC member of the workshop ""Advancing Science via Large Scale Text Analytics over Scientific Articles"" that will be hosted as a part of the&nbsp;IEEE International Conference on Distributed Computing Systems (ICDCS) 2017.</p>","15f9accb-e388-4641-afe5-902393e4c8e0","38ce7cb3-ec75-4934-9382-ef1f1a7d28fb",2021-01-05T21:38:56Z,2024-10-17T17:16:42Z,"Dec 2016",2016-12-26T06:00:00Z,"Service",
"ISC","<p class=""font_8"">Congratulations to Gian-Carlo for getting his first research poster accepted at ISC'19!&nbsp;</p>","170b13d9-d5ff-4c1f-89cf-d59a99cfa62d","38ce7cb3-ec75-4934-9382-ef1f1a7d28fb",2021-01-05T21:38:56Z,2021-04-30T15:37:44Z,"Feb 2019",2019-02-01T06:00:00Z,"Service","wix:image://v1/c8381ce0e7a94ad09ceaada2fc64081d.jpg/c8381ce0e7a94ad09ceaada2fc64081d.jpg#originWidth=1920&originHeight=1276"
"AMD gift","<p class=""font_8"">Thanks AMD for supporting our research through generous gifts!</p>","1711e482-1e5f-4c58-9cd9-e2798432db1c","38ce7cb3-ec75-4934-9382-ef1f1a7d28fb",2023-01-05T18:12:54Z,2023-01-05T18:12:54Z,"Jan 2023",2023-01-01T18:00:00Z,"Grants",
"SC16","<p class=""font_8"">My paper with the title ""A Machine Learning Framework for Performance Coverage Analysis of Proxy Applications"" has been accepted in the International Conference for High Performance Computing, Networking, Storage and Analysis (SC) 2016!&nbsp;</p>","22976660-e192-4401-858a-7dfc3877d8e5","38ce7cb3-ec75-4934-9382-ef1f1a7d28fb",2021-01-05T21:38:56Z,2024-10-17T17:16:50Z,"Aug 2016",2016-08-26T05:00:00Z,"Paper",
"🏅 Presidential Seminar Award","<p class=""font_8"">I am honored to have been selected as this year's Presidential Seminar Award winner! This award is presented to a TxState faculty for their superlative scholarly and creative activities.&nbsp;</p>","22cb4b81-6bfc-440b-9a2c-f9eae3a98409","38ce7cb3-ec75-4934-9382-ef1f1a7d28fb",2023-09-08T04:35:21Z,2025-08-21T05:36:02Z,"Sept 2023",2023-09-28T17:00:00Z,"Award",
"🧑‍🎓 First Prelim","<p class=""font_8"">Elvis Fefey passed his prelim exam! This milestone is especially exciting because Elvis is the first Ph.D. student to join Per4ML and also the first from our lab to reach and pass this critical stage. Congratulations, Elvis!</p>","22ccb092-7c03-4dc6-ab50-ca1b5bb2680e","38ce7cb3-ec75-4934-9382-ef1f1a7d28fb",2025-04-26T21:16:39Z,2025-08-21T05:36:17Z,"April 2025",2025-04-23T17:00:00Z,"Research","wix:image://v1/38ce7c_0424ce5345204163a5480b5580a6508a~mv2.png/elvis.png#originWidth=1067&originHeight=729"
"FTA","<p class=""font_8"">Our paper titled ""<strong>Fault Tolerance Assistant (FTA): An Exception Handling Approach for MPI Programs</strong>"" has been&nbsp;accepted in the ExaMPI workshop&nbsp;at SC'15.</p>","249ac2c0-b4fd-432a-ad68-a54eaf640876","38ce7cb3-ec75-4934-9382-ef1f1a7d28fb",2021-01-05T21:38:56Z,2024-10-17T17:23:28Z,"Oct 2015",2015-10-26T05:00:00Z,"Paper",
"🔬 ICASSP'25","<p class=""font_8"">Congratulations to Banooqa for her paper titled ""On the role of prompt construction in enhancing efficacy and efficiency of llm-based tabular data generation"", funded by my ECRP. This project was done in collaboration with Kowshik Thopalli@LLNL and Dr. Jayaraman J. Thiagarajan@Apple.</p>","27ef062f-44de-4e01-b39f-7e345674a570","38ce7cb3-ec75-4934-9382-ef1f1a7d28fb",2025-01-07T03:01:36Z,2025-08-21T05:39:23Z,"Jan 2025",2025-01-01T18:00:00Z,"Paper",
"DOE ECRP Award","<p class=""font_8"">I have received the <strong>Early Career Research award from the Department of Energy (DOE)</strong> for the innovative application of deep learning to accelerate real-time performance analytics!</p>","29c75c57-6575-48ef-9833-c8057d0402f2","38ce7cb3-ec75-4934-9382-ef1f1a7d28fb",2022-06-07T21:15:21Z,2022-10-12T16:09:01Z,"June 2022",2022-06-07T05:00:00Z,"Award",
"Best poster 2015","<p class=""font_8"">Our poster titled ""<strong>Towards Scientific-Data Compression Using Variable Clustering</strong>"" received the Best Poster Award in the Computation Directorate's scholar poster session at LLNL.</p>","2ba01f3b-059b-4f57-9100-811fa9b89004","38ce7cb3-ec75-4934-9382-ef1f1a7d28fb",2021-01-05T21:38:56Z,2024-10-17T17:23:31Z,"Aug 2015",2015-08-26T05:00:00Z,"Others",
"SC17 TPC","<p class=""font_8"">I will serve as a TPC member for the performance track&nbsp;in SC'17.</p>","2c2d5112-6d79-43b7-8698-66d65b0f04df","38ce7cb3-ec75-4934-9382-ef1f1a7d28fb",2021-01-05T21:38:56Z,2024-10-17T17:16:45Z,"Oct 2016",2016-10-26T05:00:00Z,"Service",
"ECP Hackathon","<p class=""font_8"">Invited talk at the Exascale Computing Project's annual hackathon organized by ORNL and BNL on Dashing (<a href=""https://github.com/tzislam/Dashing""><u>here</u></a><u>)</u>.</p>","2e47fc34-bec1-40c4-bb63-9f7ce4112c85","38ce7cb3-ec75-4934-9382-ef1f1a7d28fb",2021-01-05T21:38:56Z,2021-04-30T15:31:55Z,"Aug 2020",2020-08-01T05:00:00Z,"Service","wix:image://v1/c8381ce0e7a94ad09ceaada2fc64081d.jpg/c8381ce0e7a94ad09ceaada2fc64081d.jpg#originWidth=1920&originHeight=1276"
"🔬 Journal accepted","<p class=""font_8"">Our paper titled ""Structure‐Aware Representation Learning for Effective Performance Prediction"" has been published in Concurrency and Computation: Practice and Experience.</p>","306c1b65-712c-497c-ae49-0122c40dd84b","38ce7cb3-ec75-4934-9382-ef1f1a7d28fb",2025-04-26T21:21:03Z,2025-08-21T05:36:14Z,"April 2025",2025-04-08T17:00:00Z,"Paper",
"SC'14 poster","<p class=""font_8"">Our poster on the feasibility of applying lossy compression on checkpoints has been&nbsp;accepted in SC'14.</p>","30db0ae6-000d-4bf7-a4f4-93ec434f2579","38ce7cb3-ec75-4934-9382-ef1f1a7d28fb",2021-01-05T21:38:56Z,2024-10-17T17:23:42Z,"Nov 2014",2014-11-26T06:00:00Z,"Paper",
"Internship","<p class=""font_8"">Received the DOE SRP fellowship for my proposal titled ""Proxy application validation for Exascale Co-design"".</p>","336e6744-b815-4430-9cb3-94bdc3683e99","38ce7cb3-ec75-4934-9382-ef1f1a7d28fb",2021-01-05T21:38:56Z,2021-04-30T15:33:35Z,"April 2019",2019-04-01T05:00:00Z,"Others","wix:image://v1/c8381ce0e7a94ad09ceaada2fc64081d.jpg/c8381ce0e7a94ad09ceaada2fc64081d.jpg#originWidth=1920&originHeight=1276"
"AMD Research Gift","<p class=""font_8"">My team will develop performance models for the next-gen AMD GPUs and improve their performance profiler rocprof. Thanks AMD for the gift!</p>","349a37cd-f8c3-4f75-8068-be596b77c540","38ce7cb3-ec75-4934-9382-ef1f1a7d28fb",2021-02-17T20:25:43Z,2021-04-30T17:05:54Z,"Jan 2021",2021-01-01T06:00:00Z,"Award",
"COMPSAC'21","<p class=""font_8"">Our paper ""College Life is Hard! - Shedding Light on Stress Prediction for Autistic College Students using Data-Driven Analysis"" accepted at COMPSAC'21.</p>","366083a5-1d3d-4207-9e52-76221d64c238","38ce7cb3-ec75-4934-9382-ef1f1a7d28fb",2021-04-30T15:16:03Z,2021-04-30T15:36:58Z,"April 2021",2021-04-15T05:00:00Z,"Paper",
"Invited talk","<p class=""font_8"">I have been invited to the Rising Stars Panel at UT Austin.</p>","3d3a9988-134c-4a19-bd7c-336218aaf8e9","38ce7cb3-ec75-4934-9382-ef1f1a7d28fb",2023-04-05T16:40:06Z,2023-04-05T16:40:06Z,"April 2023",2023-04-13T17:00:00Z,"Others",
"🏅 R&D 100 Award Winner","<p class=""font_8"">Our research on scalable checkpoint restart won the R&amp;D 100 award.</p>","3e703ffa-30cf-4356-858b-d8340f2729a4","38ce7cb3-ec75-4934-9382-ef1f1a7d28fb",2021-01-05T21:38:56Z,2025-08-21T05:37:27Z,"Dec 2019",2019-12-01T06:00:00Z,"Award","wix:image://v1/c8381ce0e7a94ad09ceaada2fc64081d.jpg/c8381ce0e7a94ad09ceaada2fc64081d.jpg#originWidth=1920&originHeight=1276"
"CCDSC'24","<p class=""font_8"">I had a great time at the CCDSC'24 workshop in Lyon, France. Fun fact: You get invited by Jack Dongarra, the 2022 Turing Award winner, to be in one of those. [Turing Award is equivalent to the Nobel Prize in Computer Science]</p>","3e775c44-f0ae-4755-853c-d4031fed0655","38ce7cb3-ec75-4934-9382-ef1f1a7d28fb",2024-09-27T16:32:56Z,2024-10-17T17:09:42Z,"Sept 2024",2024-09-02T17:00:00Z,"Research","wix:image://v1/38ce7c_6f8624d8ca3a4f30a64030fabdcfa36b~mv2.png/ccdsc_lyon_france2024.png#originWidth=1248&originHeight=616"
"🏅 College achievement award","<p class=""font_8"">I won the College of Science and Engineering's ""Achievement Award in Scholarly Activities"" at TxState.&nbsp;Honored!</p>","41d7cc87-5d2f-48fb-bd22-e1dd014580b3","38ce7cb3-ec75-4934-9382-ef1f1a7d28fb",2021-09-20T03:32:38Z,2025-08-21T05:37:15Z,"Aug 2021",2021-08-27T05:00:00Z,"Award",
"PC","<p class=""font_8"">I have been invited as a Program Committee member at the workshop ""Tools for Program Development&nbsp;and Analysis in Computational Science""&nbsp;co-located with ICCS 2016.&nbsp;</p>","429735bb-4065-4cc9-8b8f-67834d651b69","38ce7cb3-ec75-4934-9382-ef1f1a7d28fb",2021-01-05T21:38:56Z,2024-10-17T17:22:31Z,"Jan 2016",2016-01-26T06:00:00Z,"Service",
"ERC","<p class=""font_8"">My work on proxy application validation is one of the few projects that have been selected to showcase&nbsp;LLNL's&nbsp;research in achieving the laboratory's mission&nbsp;to the External Review Committee (ERC).&nbsp;</p>","44e7bed4-10c8-4e48-8d71-f50a535d9968","38ce7cb3-ec75-4934-9382-ef1f1a7d28fb",2021-01-05T21:38:56Z,2024-10-17T17:23:37Z,"Mar 2015",2015-03-26T05:00:00Z,"Service",
"🔬 WORKS'24","<p class=""font_8"">Our paper, titled 'Performance Characterization and Provenance of Distributed Task-based Workflows on HPC Platforms,' has been accepted in the WORKS workshop at SC'24.&nbsp;</p>","45ad7635-35fd-47c5-87f4-e622db395ccf","38ce7cb3-ec75-4934-9382-ef1f1a7d28fb",2024-11-19T17:43:59Z,2025-08-21T05:39:59Z,"Nov 2024",2024-11-18T17:00:00Z,,
"SC18 poster","<p class=""font_8"">Our poster titled ""Automatic Generation of Mixed-Precision Programs"" has been accepted at SC'18. This work has been done in collaboration with LLNL.</p>","461ecc2a-e774-42a9-b0ee-958147e902d2","38ce7cb3-ec75-4934-9382-ef1f1a7d28fb",2021-01-05T21:38:56Z,2024-10-17T17:16:19Z,"Sept 2018",2018-09-11T05:00:00Z,"Paper",
"Purdue talk","<p class=""font_8"">Gave invited talk ""Learning to Manage in Grad School for a Sustainable Career in Future"" at Purdue University. <u>Here</u>&nbsp;is an uncut version.</p>","477f4b44-a3a9-4e7f-91c3-1e9a1c88b82e","38ce7cb3-ec75-4934-9382-ef1f1a7d28fb",2021-01-05T21:38:56Z,2021-04-30T15:31:09Z,"July 2020",2020-07-01T05:00:00Z,"Service","wix:image://v1/c8381ce0e7a94ad09ceaada2fc64081d.jpg/c8381ce0e7a94ad09ceaada2fc64081d.jpg#originWidth=1920&originHeight=1276"
"🔬REWORDS'23","<p class=""font_8"">Our paper titled ""Building the I (Interoperability) of FAIR for performance reproducibility of large-scale composable workflows in RECUP"" has been accepted at the Reproducible Workflows, Data Management, and Security workshop.</p>","4811e10b-2260-4b51-b345-896a8accbb98","38ce7cb3-ec75-4934-9382-ef1f1a7d28fb",2023-09-08T04:23:08Z,2025-08-21T05:40:33Z,"Aug 2023",2023-08-25T17:00:00Z,"Papers",
"🔬 CCGrid'25","<p class=""font_8"">Our paper, ""xAMM: Attention to Details Improves Cross-Platform Prediction Accuracy,"" (pronounced as ""Exam"") has been accepted in the ML4Sys/Sys4ML track at CCGrid 2025 (Acceptance rate: 25%)! This research has been funded by LLNL's Fractal project. Kudos, Aakash and the team!&nbsp;</p>","48b19875-486d-4e26-8776-a4ba2418c73c","38ce7cb3-ec75-4934-9382-ef1f1a7d28fb",2025-02-18T04:29:16Z,2025-08-21T05:36:10Z,"Feb 2025",2025-02-18T03:00:00Z,"Paper",
"RobustScience Community I","<p class=""font_8"">Excited to be in the RobustScience virtual café talking about scalability, reproducibility, and trustworthy issues of scientific workflows.&nbsp;</p>","48b27a6f-610c-45b3-bfd5-8e412a61d84f","38ce7cb3-ec75-4934-9382-ef1f1a7d28fb",2021-02-17T20:30:49Z,2021-03-26T21:16:03Z,"Feb 2021",2021-02-01T06:00:00Z,"Service",
"🏅 Valero Award","<p class=""font_8"">The faculty senate has awarded me the prestigious and selective Valero Award. Thanks!</p>","48f3ae36-17c9-4ead-8aaf-f2ce7002afcc","38ce7cb3-ec75-4934-9382-ef1f1a7d28fb",2023-09-08T04:27:05Z,2025-08-21T05:36:44Z,"Aug 2023",2023-08-29T17:00:00Z,"Award",
"Join WWU","<p class=""font_8"">Joined as an Assistant Professor in CS at WWU.&nbsp;</p>","4ad9d7a4-5219-4d5e-963d-860777af571c","38ce7cb3-ec75-4934-9382-ef1f1a7d28fb",2021-01-05T21:38:56Z,2024-10-17T17:16:35Z,"Sept 2017",2017-09-11T05:00:00Z,"Others",
"🔬HPDC'25","<p class=""font_8"">📄 Paper Accepted<strong> @ HPDC’25 (19% acceptance) — </strong>“<a href=""https://dl.acm.org/doi/10.1145/3731545.3731593""><u>ModelX: A Novel Transfer Learning Approach Across Heterogeneous Datasets</u></a>”<strong> (led by Arunavo Dey), considered for Best Paper Award!</strong></p>","4c16cd44-558b-4a20-bf97-cee0ebad9083","38ce7cb3-ec75-4934-9382-ef1f1a7d28fb",2025-04-26T21:11:44Z,2025-09-11T14:10:01Z,"April 2025",2025-04-26T17:00:00Z,"Paper",
"LLNL Intern","<p class=""font_8"">Congratulations to Aakash for securing a data analytics internship at LLNL for summer'24!</p>","51e7191a-e6ca-45e7-b4e6-e5ff16a032d5","38ce7cb3-ec75-4934-9382-ef1f1a7d28fb",2024-05-13T13:05:46Z,2024-05-13T13:05:46Z,"May 2024",2024-05-13T17:00:00Z,"Research",
"REP Funding","<p class=""font_8"">Received funding from the Research Enhancement Program at TXST for developing deep learning models using code structure to predict performance.&nbsp;</p>","55187d3a-85ec-4df9-b0d9-1d1ee1b444f0","38ce7cb3-ec75-4934-9382-ef1f1a7d28fb",2021-02-17T20:27:56Z,2021-04-30T17:05:56Z,"Jan 2021",2021-01-01T06:00:00Z,"Award",
"DOE Next-gen Data Management","<p class=""font_8"">Excited! Our collaborative proposal with Brookhaven National Lab and Argonne National Lab has been funded by DOE.&nbsp;</p>","56363115-bce1-4a47-b3a6-2b48871530ea","38ce7cb3-ec75-4934-9382-ef1f1a7d28fb",2022-09-08T20:39:28Z,2022-10-12T16:07:54Z,"Sept 2022",2022-09-01T17:00:00Z,"Award",
"💰 AMD Gift","<p class=""font_8"">Thank you to AMD for their generous research gift supporting our work.</p>","5720a189-ce41-408e-91f3-65ff045a98dc","38ce7cb3-ec75-4934-9382-ef1f1a7d28fb",2025-11-19T02:55:41Z,2025-11-19T02:56:26Z,"Nov 2025",2025-11-18T18:00:00Z,"Funding",
"💰 NSF CAREER Award","<p class=""font_8"">I have been awarded the prestigious NSF CAREER award this year! This project will achieve my vision of AI4Performance!</p>","59bb0292-61d7-44b7-9853-929bcfa8e874","38ce7cb3-ec75-4934-9382-ef1f1a7d28fb",2025-01-07T02:59:03Z,2025-08-21T05:36:06Z,"Jan 2025",2025-01-06T18:00:00Z,"Award",
"XSEDE","<p class=""font_8"">Received XSEDE allocation grant for my Parallel Computing course. Happy computing!</p>","5a3109dc-8e5f-4421-8144-f604eaea206e","38ce7cb3-ec75-4934-9382-ef1f1a7d28fb",2021-01-05T21:38:56Z,2024-10-17T17:16:22Z,"Sept 2018",2018-09-10T05:00:00Z,"Award",
"🏅 COSE Award'23","<p class=""font_8"">I have been awarded the ""Presidential Distinction Award"", the highest award for creative and scholarly activities in the College of Science and Engineering (COSE) at TxState.</p>","5d138aff-1cbb-4f43-b85e-cf494b3575aa","38ce7cb3-ec75-4934-9382-ef1f1a7d28fb",2023-09-08T04:25:49Z,2025-08-21T05:36:39Z,"Aug 2023",2023-08-17T17:00:00Z,"Award",
"HiPC 2016","<p class=""font_8"">Our paper titled ""CMT-bone - A Proxy Application for Compressible Multiphase Turbulent Flows"" has been accepted in the 23rd IEEE International Conference on High Performance Computing, Data, and Analytics that will be held in Hyderabad, India during Dec 19-22 2016.</p>","5e4cad7e-305b-4778-b965-018db381309d","38ce7cb3-ec75-4934-9382-ef1f1a7d28fb",2021-01-05T21:38:56Z,2024-10-17T17:16:48Z,"Sep 2016",2016-09-26T05:00:00Z,"Paper",
"CHEOPS'22","<p class=""font_8"">I have been invited to give a talk at the CHEOPS workshop colocated with EuroSys'22.&nbsp;</p>","68f6f7df-c783-4614-9570-7bd6cec7b53b","38ce7cb3-ec75-4934-9382-ef1f1a7d28fb",2022-04-04T15:23:16Z,2022-04-04T15:23:52Z,"April 2022",2022-04-05T05:00:00Z,"Service",
"CRA-W","<p class=""font_8"">Attending the CRA-W Career mentoring workshop in Phonix, AZ.</p>","69cb4d11-8051-4b2f-b89d-20d82ca0ed91","38ce7cb3-ec75-4934-9382-ef1f1a7d28fb",2021-01-05T21:38:56Z,2021-03-26T21:17:22Z,"Nov 2018",2018-11-03T05:00:00Z,"Service","wix:image://v1/c8381ce0e7a94ad09ceaada2fc64081d.jpg/c8381ce0e7a94ad09ceaada2fc64081d.jpg#originWidth=1920&originHeight=1276"
"AMD Gift","<p class=""font_8"">Thanks to AMD for the 50K gift! This is the second year of our collaboration. Here is to many more!</p>","6afb3c67-4f5d-41fd-a056-01732b339e74","38ce7cb3-ec75-4934-9382-ef1f1a7d28fb",2022-02-04T20:00:33Z,2022-04-04T15:20:55Z,"Jan 2022",2022-01-01T06:00:00Z,"Award",
"🔬IEEE COMPSAC'23","<p class=""font_8"">We have two papers accepted at IEEE COMPSAC'23. Congratulations to Arunavo and Chase (acceptance rate: &lt; 27%)!&nbsp;</p>","6e393ae3-0206-4b49-8935-25c2d854b737","38ce7cb3-ec75-4934-9382-ef1f1a7d28fb",2023-05-11T16:32:56Z,2025-08-21T05:40:37Z,"May 2023",2023-05-11T17:00:00Z,"Paper",
"LBL","<p class=""font_8"">Visiting faculty scholar at LBNL with my students for the summer.</p>","6f825b85-5e22-4bc5-a942-5a272cb67ce4","38ce7cb3-ec75-4934-9382-ef1f1a7d28fb",2021-01-05T21:38:56Z,2021-04-30T15:32:56Z,"June 2019",2019-06-26T05:00:00Z,"Others","wix:image://v1/c8381ce0e7a94ad09ceaada2fc64081d.jpg/c8381ce0e7a94ad09ceaada2fc64081d.jpg#originWidth=1920&originHeight=1276"
"ACM BCB","<p class=""font_8"">Our&nbsp;paper titled ""<strong>Low Rank Smoothed Sampling Methods for Identifying Impactful Pair-wise Mutations</strong>"" has been accepted at ACM Conference on Bioinformatics, Computational Biology, and Health Informatics. Congratulations Nick!</p>","74a89afe-270b-431a-aa8f-e7fe435d77f0","38ce7cb3-ec75-4934-9382-ef1f1a7d28fb",2021-01-05T21:38:56Z,2024-10-17T17:16:30Z,"June 2018",2018-06-11T05:00:00Z,"Paper",
"IPDPS 2016","<p class=""font_8"">Our paper titled ""I/O Aware Power Shifting"" has been accepted in IPDPS 2016.</p>","77c19d7f-2d1f-4782-895e-4cb1f07325ed","38ce7cb3-ec75-4934-9382-ef1f1a7d28fb",2021-01-05T21:38:56Z,2024-10-17T17:22:51Z,"Dec 2015",2015-12-26T06:00:00Z,"Paper",
"IPDPS17","<p class=""font_8"">Our paper on scalable file system for burst buffers titled ""MetaKV: A key-value store for metadata management of distributed&nbsp;burst buffers"" has been accepted in IPDPS'17 [Acceptance rate ~22%].</p>","7a086121-3cca-4da3-a6e6-e1313f281cb4","38ce7cb3-ec75-4934-9382-ef1f1a7d28fb",2021-01-05T21:38:56Z,2024-10-17T17:16:38Z,"Jan 2017",2017-01-01T06:00:00Z,"Paper",
"IJHPCA","<p class=""font_8"">Our paper titled ""<strong>Exploring the MPI Tool Information Interface: Features and Capabilities</strong>"" has been accepted in IJHPCA.</p>","7abdd05b-cfb2-4ac8-8f5b-c0cbed646e9a","38ce7cb3-ec75-4934-9382-ef1f1a7d28fb",2021-01-05T21:38:56Z,2024-10-17T17:23:33Z,"Jul 2015",2015-07-26T05:00:00Z,"Paper",
"🔬 IEEE COMPSAC'24","<p class=""font_8"">Congratulations to Banooqa, Zaeed, Chase+Ankur, and Arunavo for their respective papers at IEEE COMPSAC in Osaka, Japan! These papers range from addressing gaps that enable the effective use of LLMs, GNNs, and transfer learning for performance analytics.</p>","7c6b0681-b9e4-485e-a18c-829a0e6b8ce7","38ce7cb3-ec75-4934-9382-ef1f1a7d28fb",2024-05-13T13:02:07Z,2025-08-21T05:40:17Z,"May 2024",2024-05-10T17:00:00Z,"Paper",
"ProTools","<p class=""font_8"">Our paper titled ""<strong>Towards A Programmable Analysis and Visualization Framework for Interactive Performance Analytics</strong>""&nbsp;accepted in the ProTools workshop at SC'19.</p>","7fafccd7-11d1-4697-a64e-5d7b1f475756","38ce7cb3-ec75-4934-9382-ef1f1a7d28fb",2021-01-05T21:38:56Z,2021-04-30T15:37:31Z,"Nov 2019",2019-11-26T06:00:00Z,"Paper","wix:image://v1/c8381ce0e7a94ad09ceaada2fc64081d.jpg/c8381ce0e7a94ad09ceaada2fc64081d.jpg#originWidth=1920&originHeight=1276"
"LEARN proposal","<p class=""font_8"">Heard back from the LLNL research council and they are interested to move forward with my LEARN proposal. The idea is about developing machine-learning techniques for&nbsp;correlating&nbsp;a plethora of system performance metrics to application performance.</p>","80ffd952-329d-4908-a4c1-ccf16e16ad91","38ce7cb3-ec75-4934-9382-ef1f1a7d28fb",2021-01-05T21:38:56Z,2024-10-17T17:22:19Z,"Mar 2016",2016-03-26T05:00:00Z,"Award",
"HiPCW'21","<p class=""font_8"">My invited paper talks about designing an HPC course focusing on distributed memory parallelism and scalable parallel I/O patterns.</p>","81665659-8178-4f49-8708-9b4c90c9419f","38ce7cb3-ec75-4934-9382-ef1f1a7d28fb",2022-02-04T19:58:42Z,2022-02-04T19:58:42Z,"Dec 2021",2021-12-15T06:00:00Z,"Paper",
" ISC'25 Poster","<p class=""font_8"">I am co-chairing the poster session at ISC'24. Please consider submitting your work. If you would like to serve as a reviewer, please contact me.</p>","87df124f-94ab-4efb-856e-6e0214b0eb00","38ce7cb3-ec75-4934-9382-ef1f1a7d28fb",2024-09-27T16:33:19Z,2025-08-21T05:40:12Z,"Sept 2024",2024-09-27T17:00:00Z,"Others",
"🎤 MDC'25","<p class=""font_8"">Invited Talk <strong>@ Monterey Data Conference (Monterey, CA)</strong> — Exciting discussions on <strong>deploying ModelX</strong> into HPC production facilities!</p>","88a439ed-ca5f-4f54-8a71-9fda82036e6d","38ce7cb3-ec75-4934-9382-ef1f1a7d28fb",2025-08-21T05:23:51Z,2025-08-21T05:43:29Z,"Aug 2025",2025-08-19T17:00:00Z,"Research",
"SC19","<p class=""font_8"">Our paper titled ""Performance Optimality or Reproducibility: That is the Question"" has been accepted in the performance track at SC'19 (acceptance rate: 72/344 = 20%)! Congratulations to Alex for his first SC paper.&nbsp;</p>","90041830-48ea-4d3f-b2bd-94dd8e08a171","38ce7cb3-ec75-4934-9382-ef1f1a7d28fb",2021-01-05T21:38:56Z,2021-03-26T21:18:23Z,"June 2019",2019-07-01T05:00:00Z,"Paper","wix:image://v1/c8381ce0e7a94ad09ceaada2fc64081d.jpg/c8381ce0e7a94ad09ceaada2fc64081d.jpg#originWidth=1920&originHeight=1276"
"🔬MLForSys@NeurIPS","<p class=""font_8"">Our paper titled ""Attention-Informed Surrogates for Navigating Power-Performance Trade-offs in HPC"" has been accepted at ML For Systems workshop@NeurIPS!&nbsp;</p>","985d5fe0-de6e-4ffa-b29e-46d7605a7c4e","38ce7cb3-ec75-4934-9382-ef1f1a7d28fb",2025-09-25T19:53:12Z,2025-09-25T19:53:40Z,"Sept 2025",2025-09-25T17:00:00Z,"Paper",
"ISPASS'21","<p class=""font_8"">Our paper on ""comparative Code Structure Analysis using Deep Learning for Performance Prediction"" has been accepted at ISPASS'21.&nbsp;</p>","990ccec5-2417-4174-a70e-bbcb7ea1ea78","38ce7cb3-ec75-4934-9382-ef1f1a7d28fb",2021-03-26T21:02:29Z,2021-03-26T21:15:46Z,"March 2021",2021-03-22T05:00:00Z,"Paper",
"🥳 Promotion","<p class=""font_8"">Promoted to Associate Professor! Grateful to my students, collaborators, mentors, and the Almighty.</p>","9b14e199-8bdb-40c5-bf3d-7ba74ca78fd0","38ce7cb3-ec75-4934-9382-ef1f1a7d28fb",2025-09-01T03:55:54Z,2025-09-01T03:55:54Z,"Sept 2025",2025-08-31T17:00:00Z,"Awards",
"SC'24 BoF","<p class=""font_8"">I will be giving a talk about our research on performance and result reproducibility in the Reproducibility BoF on Tuesday from 5:15-6:45pm in B201 @SC'24.</p>","9f5de3d2-5721-469f-8e55-4c8cf1a27357","38ce7cb3-ec75-4934-9382-ef1f1a7d28fb",2024-11-19T17:37:26Z,2024-11-19T17:39:22Z,"Nov 2024",2024-11-19T22:15:00Z,,
"Graduation","<p class=""font_8"">Congratulations to Tarek Ramadan for successfully defending his M.Sc. thesis.&nbsp;</p>","9f8321f8-fe7e-4672-92d4-f5775b8afe02","38ce7cb3-ec75-4934-9382-ef1f1a7d28fb",2022-05-06T18:37:31Z,2022-05-06T18:38:24Z,"May 2022",2022-05-12T05:00:00Z,"Others",
"ICPP vice-chair","<p class=""font_8"">I am the&nbsp;vice-chair of the performance track at ICPP 2019. Make sure to submit your work at the conference.</p>","a19e14cc-5ff9-4cb9-828e-427c035ae36b","38ce7cb3-ec75-4934-9382-ef1f1a7d28fb",2021-01-05T21:38:56Z,2024-10-17T17:16:14Z,"Sept 2018",2018-09-11T05:00:00Z,"Service",
"SRP-HPC'23","<p class=""font_8"">We have received DOE's SRP-HPC fund again this year, which will allow faculty-led (that's me) research team of 4 students (2 Ph.D.s, 1 M.S. and 1 undergrad) to visit Brookhaven lab in the summer.</p>","a3114609-0057-4c86-9b08-6e6667aa5a52","38ce7cb3-ec75-4934-9382-ef1f1a7d28fb",2023-05-04T03:34:42Z,2023-09-09T16:39:29Z,"April 23",2023-04-14T17:00:00Z,"Research",
"🔬ACM REP","<p class=""font_8"">Our paper titled ""Reproducibility for HPC and Distributed Environments: Committees, Nondeterminism, Performance and Workflows"" was published at ACM REP and is now available in the ACM Digital Library.</p>","a5850f60-04f1-4c03-9b56-6a8ffb5d2dc4","38ce7cb3-ec75-4934-9382-ef1f1a7d28fb",2025-10-22T14:30:04Z,2025-10-22T14:31:05Z,"Oct 2025",2025-10-22T17:00:00Z,"paper",
"AMD Equipment Grant","<p class=""font_8"">AMD has granted $100K worth of on-prem and Cloud HPC resources to TXST for COVID-19 related research. Read here:&nbsp;https://www.amd.com/en/corporate/hpc-fund</p>","a818d31d-71e7-452a-b3ff-84bb4e6072e7","38ce7cb3-ec75-4934-9382-ef1f1a7d28fb",2021-01-05T21:38:56Z,2021-03-26T21:25:12Z,"Nov 2020",2020-11-01T05:00:00Z,"Award","wix:image://v1/c8381ce0e7a94ad09ceaada2fc64081d.jpg/c8381ce0e7a94ad09ceaada2fc64081d.jpg#originWidth=1920&originHeight=1276"
"BDCAA","<p class=""font_8"">I am organizing the first workshop on how different application domains generate and analyze big data by leveraging HPC. The workshop (<u>BDCAA</u>)&nbsp;will be organized in conjunction with the IEEE COMPSAC'19 in Mulwaukee.&nbsp;</p>","aaca4810-6f56-4820-9b97-d2792ffc4cb3","38ce7cb3-ec75-4934-9382-ef1f1a7d28fb",2021-01-05T21:38:56Z,2021-03-26T21:17:13Z,"Feb 2019",2019-02-01T06:00:00Z,"Service","wix:image://v1/c8381ce0e7a94ad09ceaada2fc64081d.jpg/c8381ce0e7a94ad09ceaada2fc64081d.jpg#originWidth=1920&originHeight=1276"
"🔬COMPSAC'22","<p class=""font_8"">Our paper ""libNVCD: An Extendable and User-friendly Multi-GPU Performance Measurement Tool"" has been accepted at IEEE COMPSAC'22 (acceptance rate: 23%)!</p>","ab1adcf8-1d0d-421c-a8e6-be602c2f55ea","38ce7cb3-ec75-4934-9382-ef1f1a7d28fb",2022-04-04T15:19:03Z,2025-08-21T05:41:01Z,"April 2022",2022-04-01T05:00:00Z,"Paper",
"💰 AMD Gift","<p class=""font_8"">Thank you, AMD for continuing to support research on AI/ML-driven performance analytics!</p>","af79b2d8-cec8-4a88-b23e-f2e78d44a792","38ce7cb3-ec75-4934-9382-ef1f1a7d28fb",2024-05-13T13:03:32Z,2025-08-21T05:36:04Z,"Jan 2024",2024-01-01T18:00:00Z,"Grant",
"GHC","<p class=""font_8"">Super excited to be a part of the Computer Systems Engineering (CSE) track at GHC 2019. About time women working in computer&nbsp;systems meet!</p>","b095328d-e21e-4a9a-b0f5-d8067de76597","38ce7cb3-ec75-4934-9382-ef1f1a7d28fb",2021-01-05T21:38:56Z,2021-03-26T21:17:17Z,"Feb 2019",2019-02-01T06:00:00Z,"Service","wix:image://v1/c8381ce0e7a94ad09ceaada2fc64081d.jpg/c8381ce0e7a94ad09ceaada2fc64081d.jpg#originWidth=1920&originHeight=1276"
"🎤 EuroPar'25","<p class=""font_8"">Honored to give an invited talk at EuroPar's Women in HPC session on bridging key gaps in performance-aware code development.</p>","b76ddb24-85af-4842-99cb-91f500d68fdd","38ce7cb3-ec75-4934-9382-ef1f1a7d28fb",2025-09-01T03:52:05Z,2025-09-01T03:52:05Z,"Aug 2025",2025-08-26T17:00:00Z,"Papers",
"SRP-HPC","<p class=""font_8"">I have received DOE's SRP-HPC fellowship and will be conducting research over the summer as a visiting scholar at Brookhaven National Laboratory. My students--Chase Phelps, Arunavo Dey, and Alicia Guite (sophomore) will also join me.</p>","bde26058-6897-407c-9b21-e24836ad8efc","38ce7cb3-ec75-4934-9382-ef1f1a7d28fb",2022-05-06T18:41:36Z,2022-05-06T18:41:36Z,"June 2022",2022-06-06T05:00:00Z,"Research",
"Best poster'14","<p class=""font_8"">Our poster titled ""<strong>Lossy Compression for Checkpointing: Fallible or Feasible?</strong>"" received the Best Poster Award in the 2014 Computation Directorate's scholar poster symposium.</p>","be930f7c-6090-4283-9984-5135e986d1a7","38ce7cb3-ec75-4934-9382-ef1f1a7d28fb",2021-01-05T21:38:56Z,2024-10-17T17:23:46Z,"Aug 2014",2014-08-26T05:00:00Z,"Paper",
"SC'22","<p class=""font_8"">I am chairing the Performance measurement, modeling, and analysis track at SC this year. Excited and honored!</p>","bf7155ab-1550-47a5-a3ef-b67e4874ee8a","38ce7cb3-ec75-4934-9382-ef1f1a7d28fb",2022-04-21T14:32:45Z,2022-04-21T14:32:45Z,"Feb 2022",2022-02-01T06:00:00Z,"Service",
"Interns","<p class=""font_8"">Several of my students are interning at research labs such as LLNL, PNNL. Happy summer!</p>","c424a07b-686e-4565-b469-67a244e12c98","38ce7cb3-ec75-4934-9382-ef1f1a7d28fb",2021-01-05T21:38:56Z,2024-10-17T17:16:27Z,"June 2018",2018-06-11T05:00:00Z,"Others",
"Summer Internships","<p class=""font_8"">Congratulations to Chase Phelps and Tarek Ramadan for securing internships at LLNL and LBNL, respectively!</p>","c4ed62ee-5fc8-491a-9df5-0eb50944294c","38ce7cb3-ec75-4934-9382-ef1f1a7d28fb",2021-04-30T15:37:53Z,2021-04-30T18:46:55Z,"May 2021",2021-05-17T05:00:00Z,"Others",
"Tapia 2020","<p class=""font_8"">Organized a panel at ACM Richard Tapia Celebration of Diversity in Computing Conference on High Performance Computing. Take a look: <a href=""https://mediaflo.txstate.edu/Watch/tapia2020""><u>video presentation</u></a> and slides: https://drive.google.com/file/d/18daQuN8CCdkrIKgm2cHNrUBKJDggfZyx/view?usp=sharing</p>","cf9f9139-539c-4b66-87bd-b826f8dfa01b","38ce7cb3-ec75-4934-9382-ef1f1a7d28fb",2021-01-05T21:38:56Z,2021-03-26T21:16:44Z,"Sept 2020",2020-09-01T05:00:00Z,"Service","wix:image://v1/c8381ce0e7a94ad09ceaada2fc64081d.jpg/c8381ce0e7a94ad09ceaada2fc64081d.jpg#originWidth=1920&originHeight=1276"
"🎤 PASC'25","<p class=""font_8"">Invited Talk @ ML4SW Workshop (PASC’25, Switzerland) — Great interest in <strong>integrating ModelX into HPC+AI/ML libraries</strong>!</p>","d8d34a79-2b3a-4e19-ab3c-0569ae770cc9","38ce7cb3-ec75-4934-9382-ef1f1a7d28fb",2025-06-14T21:28:48Z,2025-08-21T05:43:43Z,"June 2025",2025-06-17T17:00:00Z,"Research",
"🏅 Track Chair@SC'26","<p class=""font_8"">Honored to serve as <strong>Performance Track Chair for SC’26.</strong></p>","ddd44ece-c10b-470d-968d-31f2912ef730","38ce7cb3-ec75-4934-9382-ef1f1a7d28fb",2025-09-01T04:00:38Z,2025-09-01T04:00:38Z,"Aug 2025",2025-08-29T17:00:00Z,"Awards",
"🏆 Best Paper Award","<p class=""font_8"">My Ph.D. student <strong>Elvis Fefey</strong>’s research on <strong>heterogeneous scheduling algorithms</strong> just won the <strong>Best Paper Award</strong> at <em>IEEE Cloud Summit</em>! Proud advisor moment! 🎉</p>","de0d744e-7842-486e-af73-81f4c40bc2ee","38ce7cb3-ec75-4934-9382-ef1f1a7d28fb",2025-08-21T05:29:07Z,2025-08-21T05:30:11Z,"July 2025",2025-07-11T17:00:00Z,"Paper","wix:image://v1/38ce7c_48461e93145246aaa60d97836c5426eb~mv2.jpg/20250627_160659%20(1).jpg#originWidth=4000&originHeight=3000"
"SRP","<p class=""font_8"">Invited to present my research at the Sustainable Research Pathways Program in Lawrence Berkeley National Laboratory</p>","e0465149-b0ea-47ee-afc2-04d28f08d747","38ce7cb3-ec75-4934-9382-ef1f1a7d28fb",2021-01-05T21:38:56Z,2021-03-26T21:20:22Z,"Nov 2018",2018-11-03T05:00:00Z,"Others","wix:image://v1/c8381ce0e7a94ad09ceaada2fc64081d.jpg/c8381ce0e7a94ad09ceaada2fc64081d.jpg#originWidth=1920&originHeight=1276"
"🔬 SC'23 poster","<p class=""font_8"">Our research poster, ""Graph-Based Anomaly Detection in Chimbuko: Feasible or Fallible?"" has been accepted in the SC'23 research poster session.&nbsp;</p>","e7882188-5405-4c7f-9530-8574a39eb138","38ce7cb3-ec75-4934-9382-ef1f1a7d28fb",2023-09-12T20:50:08Z,2025-08-21T05:40:21Z,"Sept 2023",2023-09-12T17:00:00Z,"Papers",
"🔬NYSDS Workshop","<p class=""font_8"">Congratulations to Elvis, Zaeed, and Arunavo for getting their lightening talks accepted at NYSDS on how they plan to leverage ML for HPC.</p>","e792389f-986f-4be4-a90d-be90494cba7d","38ce7cb3-ec75-4934-9382-ef1f1a7d28fb",2022-10-12T16:02:54Z,2025-08-21T05:40:52Z,"Oct 2022",2022-10-12T17:00:00Z,"Paper",
"JoGC","<p class=""font_8""><br></p>
<p class=""font_8"">My work titled ""Reliable and Efficient Distributed Checkpointing System for Grid Environments""&nbsp;has been accepted in Journal of Grid Computing.</p>","e94eb7ac-90fb-430b-9590-17e4ba6c429d","38ce7cb3-ec75-4934-9382-ef1f1a7d28fb",2021-01-05T21:38:56Z,2024-10-17T17:23:35Z,"June 2014",2015-06-26T05:00:00Z,"Paper",
"🔬ICS'25","<p class=""font_8"">Our paper ""QuantumX: A Few-Shot-Learning Approach for Quantum Performance Modeling in HPC"" has been accepted at the International Workshop on Software Frameworks for Integrating Quantum and HPC Ecosystems in conjunction with ICS'25!</p>","ee9f02c9-04b6-4ebb-b8b2-ea0e9e746f61","38ce7cb3-ec75-4934-9382-ef1f1a7d28fb",2025-06-14T21:13:34Z,2025-08-21T05:31:50Z,"May 2025",2025-05-30T17:00:00Z,"Paper",
"AMD Talk","<p class=""font_8"">I gave a talk at AMD on my research in performance analysis on various architectures.&nbsp;</p>","f5481b01-39ec-4abf-9c45-4a411b227aa8","38ce7cb3-ec75-4934-9382-ef1f1a7d28fb",2021-01-05T21:38:56Z,2021-03-26T21:16:51Z,"Aug 2020",2020-08-01T05:00:00Z,"Service","wix:image://v1/c8381ce0e7a94ad09ceaada2fc64081d.jpg/c8381ce0e7a94ad09ceaada2fc64081d.jpg#originWidth=1920&originHeight=1276"
"Sloan Foundation","<p class=""font_8"">Our joint proposal with University of Colorado Boulder to the Sloan Foundation has been funded!</p>","f7568a4b-0b02-457a-a811-c9a2c9bad259","38ce7cb3-ec75-4934-9382-ef1f1a7d28fb",2023-01-05T18:18:24Z,2023-01-05T18:18:24Z,"Dec 2022",2022-12-08T18:00:00Z,"Grants",
"Join TXST","<p class=""font_8"">I have moved! I have joined Texas State University in San Marcos. It was incredibly hard to leave my colleagues, students, and friends in beautiful Bellingham behind.&nbsp;</p>","f8f2eef3-7eb2-43ab-b66a-10975fa9402f","38ce7cb3-ec75-4934-9382-ef1f1a7d28fb",2021-01-05T21:38:56Z,2022-04-04T15:21:52Z,"Aug 2019",2019-08-26T05:00:00Z,"Others","wix:image://v1/c8381ce0e7a94ad09ceaada2fc64081d.jpg/c8381ce0e7a94ad09ceaada2fc64081d.jpg#originWidth=1920&originHeight=1276"
"Best poster'14","<p class=""font_8"">My poster&nbsp;on proxy application validation secured the 2nd place in Computation's Annual Postdoc Poster Symposium.</p>","fa72eb23-61fe-46a3-b622-8ad297105467","38ce7cb3-ec75-4934-9382-ef1f1a7d28fb",2021-01-05T21:38:56Z,2024-10-17T17:23:49Z,"April 2014",2014-04-09T05:00:00Z,"Paper",
"JOWOG","<p class=""font_8"">I presented my work&nbsp;on proxy application validation at the&nbsp;Joint Operations Weapons Operations Group (JOWOG) 34 meeting at Sandia National Laboratory in New Mexico.</p>","fe52047a-75f7-4918-8dac-a97b2c71b308","38ce7cb3-ec75-4934-9382-ef1f1a7d28fb",2021-01-05T21:38:56Z,2024-10-17T17:23:39Z,"Feb 2015",2015-02-26T06:00:00Z,"Service",
